name,country,industry,website,phone,address,city,linkedin_url,google_maps_url,source
Vlieg,NL,Real Estate,https://www.vlieg.nl/vestiging/makelaar-lelystad,,"Agoraweg, 2, 8224BX, Lelystad",Lelystad,https://www.linkedin.com/company/vlieg/,,overpass
Dupree Makelaar,NL,Real Estate,,,"Vredebest, 1, 2801AS, Gouda",Gouda,,,overpass
Makelaardij van den Berg,NL,Real Estate,https://www.makelaardijvdberg.nl,+31 186 649 090,"Vierwiekenplein, 1, 3262AN, Oud-Beijerland",Oud-Beijerland,,,overpass
Peter Deen,NL,Real Estate,,,"Julianastraat, 70, 7701GN, Dedemsvaart",Dedemsvaart,,,overpass
Michiel van Maanen,NL,Real Estate,https://mvmmakelaardij.nl,,"Meerweg, 1, 2121VA, Bennebroek",Bennebroek,,,overpass
Mooijekind Vleut Makelaars Haarlem,NL,Real Estate,,,"Kleine Houtstraat, 57, Haarlem",Haarlem,,,overpass
Oosting,NL,Real Estate,,,"Kruisstraat, 5, 9411PD, Beilen",Beilen,,,overpass
Hup en Fidom,NL,Real Estate,,,"Brinkstraat, 45, 9411KL, Beilen",Beilen,,,overpass
Van't Hof Rijnland,NL,Real Estate,https://www.hof-rijnland.nl,+31 88 126 6650,"Zonnelaan, 10, 9742BL, Groningen",Groningen,,,overpass
Gerro de Boer Makelaardij & Taxaties B.V.,NL,Real Estate,https://www.gerrodeboer.nl,,"Jan Nieuwenhuizenplein, 3, 1135WT, Edam",Edam,,,overpass
Makelaardij Sneek,NL,Real Estate,https://www.makelaardijsneek.nl,,"Oud Kerkhof, 4, 8601EE, Sneek",Sneek,,,overpass
Van Pas Makelaars,NL,Real Estate,,+31 30 698 1868,"Jagerlaan, 1B, 3701XG, Zeist",Zeist,,,overpass
Appel & Fris Makelaars,NL,Real Estate,https://www.appelenfrismakelaars.nl,+31 23 542 1012,"Kinderhuissingel, 126, 2013AW, Haarlem",Haarlem,,,overpass
Van Regteren,NL,Real Estate,https://www.vanregteren.nl,,"Wagenweg, 108, 2012NJ, Haarlem",Haarlem,,,overpass
LAM Makelaars,NL,Real Estate,,,"De Ruijterweg, 9, Haarlem",Haarlem,,,overpass
Noordstad Groep,NL,Real Estate,,,"Julianaplein, 122, 1781HE, Den Helder",Den Helder,,,overpass
Post Makelaardij,NL,Real Estate,https://www.postmakelaardij.nl,,"Spoorsingel, 1A, 2613BD, Delft",Delft,,,overpass
Van Scherpenzeel,NL,Real Estate,https://vanscherpenzeel.nl,,"Safariweg, 68, 3605MA, Maarssen",Maarssen,,,overpass
Randmeer Makelaars,NL,Real Estate,,,"Stationsstraat, 123, 3851ND, Ermelo",Ermelo,,,overpass
Makelaar Van Ek Garantiemakelaars BV,NL,Real Estate,https://vanekgarantiemakelaars.nl,+31 26 442 5436,"Willemsplein, 29, 6811KC, Arnhem",Arnhem,,,overpass
Makelaardij aefect,NL,Real Estate,,,,,,,overpass
Zuurbier Makelaardij,NL,Real Estate,,,"Molenvaart, 254, 1764AX, Breezand",Breezand,,,overpass
De Hypotheekshop,NL,Real Estate,,,"Naarderstraat, 12, 1271CE, Huizen",Huizen,,,overpass
Reinerie,NL,Real Estate,https://reineriehouten.nl,,"Onderdoor, 11, 3995DW, Houten",Houten,,,overpass
At Home in Utrecht,NL,Real Estate,https://athomeinutrecht.com/nl,+31 6 23 62 70 23,"Twijnstraat, 44, 3511ZL, Utrecht",Utrecht,,,overpass
van Leeuwen Makelaardij,NL,Real Estate,,,"Kerklaan, 38b, 2912CK, Nieuwerkerk aan den IJssel",Nieuwerkerk aan den IJssel,,,overpass
John Driessens Makelaardij,NL,Real Estate,,,"Markt, 16b, 6191JH, Beek",Beek,,,overpass
Succesmakkelaars,NL,Real Estate,https://succesmakelaars.nl,+31 33 4947707,"Hamersveldseweg, 72, 3833GS, Leusden",Leusden,,,overpass
Noordam,NL,Real Estate,,,"Hoofdstraat, 54, 2678CL, De Lier",De Lier,,,overpass
Melior,NL,Real Estate,,,"Hoofdstraat, 87, 2678CG, De Lier",De Lier,https://www.linkedin.com/company/melior/,,overpass
Fris Wonen,NL,Real Estate,https://www.friswonen.nl,,"Buitenveldertselaan, 42, 1081AA, Amsterdam",Amsterdam,,,overpass
Tel Krop Makelaars,NL,Real Estate,https://www.telkropmakelaars.nl,,"Buitenveldertselaan, 101, 1082VB, Amsterdam",Amsterdam,,,overpass
Bronsvoord,NL,Real Estate,,,"Keizerstraat, 37, 7411HE, Deventer",Deventer,,,overpass
A7 makelaars,NL,Real Estate,https://www.a7.nl,,"Midstraat, 105, 8501AJ, Joure",Joure,,,overpass
Makelaardij Hoekstra,NL,Real Estate,https://www.makelaardijhoekstra.nl,,"Douwe Egbertsplein, 1, 8501AB, Joure",Joure,,,overpass
Peelrand Makelaardij,NL,Real Estate,https://peelrand.com,,"Paterslaan, 2, 5801AS, Venray",Venray,,,overpass
JIP makelaars,NL,Real Estate,,,"De Weide, 2, 7908AB, Hoogeveen",Hoogeveen,https://www.linkedin.com/company/jip-makelaars/,,overpass
Heren van Snoek,NL,Real Estate,,,,,,,overpass
Hettema Adema,NL,Real Estate,https://www.hettema-adema.nl,,"Herenwal, 40, 8441BA, Heerenveen",Heerenveen,,,overpass
Jonkers Vastgoed,NL,Real Estate,https://www.jonkersvastgoed.com,,"Mariastraat, 36, 3511LP, Utrecht",Utrecht,,,overpass
Admono Makelaars,NL,Real Estate,https://www.admono.nl,,"Van Karnebeekstraat, 1, 8011JA, Zwolle",Zwolle,,,overpass
Maxx Vastgoed,NL,Real Estate,https://maxxhuren.nl,,"Assendorperstraat, 141, 8012DK, Zwolle",Zwolle,,,overpass
Uw VBO Makelaar,NL,Real Estate,https://www.uwvbomakelaar.nl,,"Assendorperstraat, 205, 8012DM, Zwolle",Zwolle,,,overpass
Van Riezen,NL,Real Estate,https://www.vanriezenvastgoed.nl,,"Molenweg, 242, 8012WT, Zwolle",Zwolle,,,overpass
Huis van Verhuur,NL,Real Estate,https://www.huisvanverhuur.nl,,"Assendorperstraat, 38, 8011KB, Zwolle",Zwolle,,,overpass
Ten Brinke,NL,Real Estate,https://www.tenbrinkemakelaardij.nl,,"Eendrachtstraat, 79, 8012VW, Zwolle",Zwolle,,,overpass
Van Wonen,NL,Real Estate,,,"Willemsvaart, 21, 8019AB, Zwolle",Zwolle,,,overpass
Deltawonen woningstichting,NL,Real Estate,,,"Veerallee, 30, 8019AD, Zwolle",Zwolle,,,overpass
Van Amerom Makelaardij,NL,Real Estate,https://www.vanamerom.com,,"Sassenstraat, 1, 8011PA, Zwolle",Zwolle,,,overpass
Muller,NL,Real Estate,https://www.mullerbog.nl,,"Kamperstraat, 10, 8011LM, Zwolle",Zwolle,https://www.linkedin.com/company/muller/,,overpass
Woonfabriek,NL,Real Estate,https://www.woonfabriekzwolle.nl,,"Assiesstraat, 126, 8011XV, Zwolle",Zwolle,,,overpass
Margadant,NL,Real Estate,https://www.margadant.nl,,"Nieuwe Markt, 15, 8011PE, Zwolle",Zwolle,,,overpass
Lenferink Groep,NL,Real Estate,https://www.lenferinkgroep.nl,,"Ter Pelkwijkpark, 18, 8011SH, Zwolle",Zwolle,,,overpass
Boekenrode,NL,Real Estate,https://www.boekenrode.nl,,"Eekwal, 20, 8011LD, Zwolle",Zwolle,,,overpass
Edwin van Vilsteren makelaardij,NL,Real Estate,https://www.evvmakelaardij.nl,,"Thorbeckegracht, 21, 8011VM, Zwolle",Zwolle,,,overpass
De Graaf van Vilsteren,NL,Real Estate,https://www.degraafvanvilsteren.nl,,"Eekwal, 31, 8011LB, Zwolle",Zwolle,,,overpass
Bij Barbel,NL,Real Estate,https://bijbarbel.nl,,"Thorbeckegracht, 45, 8011VN, Zwolle",Zwolle,,,overpass
Ten Hag Makelaars,NL,Real Estate,,,"Vispoortenplas, 8, 8011TH, Zwolle",Zwolle,,,overpass
Van der Hoek Makelaardij,NL,Real Estate,https://www.vanderhoekmakelaars.nl,,,,,,overpass
Van Der Linden Makelaardij,NL,Real Estate,https://www.vanderlinden.nl/makelaar-zwolle,,"Diezerkade, 6, 8021CW, Zwolle",Zwolle,https://www.linkedin.com/company/vanderlinden/,,overpass
Boertjes Horst,NL,Real Estate,https://www.boertjeshorst.nl,,"Rembrandtlaan, 7, 8021DC, Zwolle",Zwolle,,,overpass
Posthuis,NL,Real Estate,https://www.posthuis.eu,,"Zuidwal, 52, 8051GX, Hattem",Hattem,,,overpass
Veltkamp & Stam Admono Makelaars,NL,Real Estate,https://veltkampenstam.nl,+31 38 444 7111,"Ridderstraat, 56, 8051EH, Hattem",Hattem,,,overpass
Salland Makelaardij,NL,Real Estate,https://www.sallandmakelaardij.com,,"Schoolstraat, 16a, 8102EM, Raalte",Raalte,,,overpass
Makelaardij Bosch,NL,Real Estate,https://www.boschmakelaardij.nl,,"de Plas, 6, 8102CS, Raalte",Raalte,,,overpass
Hypotheekadvies Wolvega,NL,Real Estate,https://www.hypotheekadvieswolvega.nl,,"Hoofdstraat Oost, 22, 8471JL, Wolvega",Wolvega,,,overpass
De Woudenhof,NL,Real Estate,https://www.woudenhof.nl,,"Hoofdstraat Oost, 51, 8471JJ, Wolvega",Wolvega,,,overpass
Isaak Makelaardij,NL,Real Estate,https://www.isaak.nl,,"C. van Eesterenlaan, 1-3, 1019JK, Amsterdam",Amsterdam,,,overpass
Ooms,NL,Real Estate,,,"Westerwater, 44, 2651JN, Berkel en Rodenrijs",Berkel en Rodenrijs,,,overpass
Dekkers de Groot,NL,Real Estate,,,"Van Boetzelaerlaan, 110, 2581AN, 's-Gravenhage",'s-Gravenhage,,,overpass
Wolters Housing,NL,Real Estate,,,"Dr. Lelykade, 249, 2583JZ, 's-Gravenhage",'s-Gravenhage,,,overpass
Reichman & Rommelaar,NL,Real Estate,,,"Cornelis de Wittlaan, 39, 2582AB, 's-Gravenhage",'s-Gravenhage,,,overpass
Estatum,NL,Real Estate,https://www.estatum.nl,+31 36 549 0628,"Havenzicht, 72, 1357NR, Almere",Almere,,,overpass
De Hypotheekshop / Van Dullink,NL,Real Estate,https://www.vandullink.nl,+31 10 511 4455,"Kerksingel, 2, 2651CC, Berkel en Rodenrijs",Berkel en Rodenrijs,,,overpass
van Dullink,NL,Real Estate,https://vandullink.nl,+31 10 511 4455,"Kerksingel, 7, 2651CC, Berkel en Rodenrijs",Berkel en Rodenrijs,,,overpass
Immobilia,NL,Real Estate,https://www.immobilia.nl,+31 10 511 0545,"Berkelse Poort, 95, 2651JX, Berkel en Rodenrijs",Berkel en Rodenrijs,https://www.linkedin.com/company/immobilia/,,overpass
Fundament,NL,Real Estate,,,"Dorpsstraat, 5, 2661CD, Bergschenhoek",Bergschenhoek,,,overpass
3B Makelaardij,NL,Real Estate,https://www.3bmakelaardij.nl/nl/home,,"Kerkstraat, 7, 2661CB, Bergschenhoek",Bergschenhoek,,,overpass
Makelaardij Mouthaan,NL,Real Estate,,,"Julianalaan, 41, 2628BB, Delft",Delft,,,overpass
Programmabureau Rijswijk Buiten,NL,Real Estate,,,"Van Rijnweg, 3b, 2286KC, Rijswijk",Rijswijk,,,overpass
Morris,NL,Real Estate,https://www.morrismakelaardij.nl,+31 15 761 8128,"Dijkshoornseweg, 37a, 2635EJ, Den Hoorn",Den Hoorn,,,overpass
Van Gulden Makelaardij,NL,Real Estate,,+31 15 241 1011,"Krakeelpolderweg, 39, 2613NW, Delft",Delft,,,overpass
Van Leerdam,NL,Real Estate,,,"Fluitekruid, 64, 2635KT, Den Hoorn",Den Hoorn,,,overpass
Van Daal makelaardij,NL,Real Estate,,,"Voldersgracht, 33, 2611EV, Delft",Delft,,,overpass
Roepman Makelaardij,NL,Real Estate,https://www.roepman.nl,,"Molslaan, 43, 2611RJ, Delft",Delft,,,overpass
Oviron,NL,Real Estate,,,"Willem Dreeslaan, 192, 2729NJ, Zoetermeer",Zoetermeer,,,overpass
Lammers,NL,Real Estate,,,"Willem Dreeslaan, 221, 2729NE, Zoetermeer",Zoetermeer,,,overpass
Holland Huis,NL,Real Estate,,,"Parkdreef, 348, 2724EZ, Zoetermeer",Zoetermeer,,,overpass
Rebel,NL,Real Estate,,,"Duitslandlaan, 17, 2711BG, Zoetermeer",Zoetermeer,,,overpass
Business Connect,NL,Real Estate,https://www.business-connect.nl,+31 79 316 1020,"Dorpsstraat, 171, 2712AH, Zoetermeer",Zoetermeer,,,overpass
Schieland Borsboom,NL,Real Estate,,,"Eerste Stationsstraat, 31, 2712HB, Zoetermeer",Zoetermeer,,,overpass
Van Brero & Breugem,NL,Real Estate,,,"Dorpsstraat, 33, 2712AB, Zoetermeer",Zoetermeer,,,overpass
Van 't Hof,NL,Real Estate,https://www.vanthof.nl,+31 79 34 22 788,"Duitslandlaan, 430, 2711BN, Zoetermeer",Zoetermeer,,,overpass
Verlaan,NL,Real Estate,https://www.verlaanmakelaardij.nl,+31 79 362 0555,"Vlamingstraat, 5, 2712BZ, Zoetermeer",Zoetermeer,,,overpass
De Drie Kastelen,NL,Real Estate,,,"Dorpsstraat, 56, 2712AM, Zoetermeer",Zoetermeer,,,overpass
Van As Makelaardij,NL,Real Estate,,,"Eerste Stationsstraat, 61, 2712HC, Zoetermeer",Zoetermeer,,,overpass
Nivita Makelaars O. G.,NL,Real Estate,,,"Jaap Hoekdreef, 18, 2492JS, 's-Gravenhage",'s-Gravenhage,,,overpass
Dennis de Makelaar,NL,Real Estate,,,,,,,overpass
Uw Makelaar,NL,Real Estate,,,"Schiekade, 1A, 3033BA, Rotterdam",Rotterdam,,,overpass
Briq,NL,Real Estate,,,"Westersingel, 94, 3015LC, Rotterdam",Rotterdam,,,overpass
Makelaar-Taxateur Marcel Leferink,NL,Real Estate,,,"Margrietlaan, 16, 7251AV, Vorden",Vorden,,,overpass
Dirk van der Houwen Makelaardij,NL,Real Estate,http://www.dirkvanderhouwen.nl,,"Julianalaan, 11, 7251EP, Vorden",Vorden,,,overpass
Wildeboer Hypotheken,NL,Real Estate,https://www.wildeboer-hypotheken.nl,+31 591 653674,"Kolhoopstraat, 39, 7811GD, Emmen",Emmen,,,overpass
Ruseler makelaars,NL,Real Estate,https://www.ruseler-haaglanden.nl,,"Ackershof, 28, 2641DX, Pijnacker",Pijnacker,,,overpass
Portaal,NL,Real Estate,https://www.portaal.nl,+31 88 767 8225,"Brennerbaan, 106, 3524BN, Utrecht",Utrecht,,,overpass
Koning Aankoopmakelaars,NL,Real Estate,https://aankoopmakelaarutrecht.nl,+31 30 410 0900,"Amsterdamsestraatweg, 243A, 3551CD, Utrecht",Utrecht,,,overpass
Dijksman & Partners,NL,Real Estate,,,"Dorpsstraat, 12, 2631CT, Nootdorp",Nootdorp,,,overpass
Iets Anders Makelaars,NL,Real Estate,,,"Dorpsstraat, 4, 7261AW, Ruurlo",Ruurlo,,,overpass
Bonthuijs Vaartjes,NL,Real Estate,https://www.bvmakelaars.nl,,"Oosterkaai, 51, 8281BK, Genemuiden",Genemuiden,,,overpass
Herman van As,NL,Real Estate,https://hvamakelaardij.nl,,"Westerkaai, 66a, 8281BH, Genemuiden",Genemuiden,,,overpass
Nijland Makelaars,NL,Real Estate,,,"Leusderweg, 26, 3817KA, Amersfoort",Amersfoort,,,overpass
Ditters,NL,Real Estate,,,"Daltonstraat, 38, 3817VB, Amersfoort",Amersfoort,,,overpass
Margitte Schoof,NL,Real Estate,https://www.schoofmakelaardij.nl,,"Everard Meysterweg, 58A, 3817HE, Amersfoort",Amersfoort,,,overpass
Telman & Van Leeuwen Makelaars,NL,Real Estate,https://telmanvanleeuwen.nl,,"Prinses Julianaplein, 72, 3817CS, Amersfoort",Amersfoort,,,overpass
De Bos makelaardij o.g. B.V.,NL,Real Estate,https://www.debos.nl,+31 575 516 635,"Rijkenhage, 12, 7201LP, Zutphen",Zutphen,,,overpass
VIJF Makelaars,NL,Real Estate,https://www.vijfmakelaars.nl,,"Nieuwstad, 6, 7201NP, Zutphen",Zutphen,,,overpass
Grifhorst,NL,Real Estate,https://www.grifhorst.nl,,"Adriaen van Ostadelaan, 19, 3583AA, Utrecht",Utrecht,,,overpass
Paul Dijkstra,NL,Real Estate,https://www.leefengeniet.nl,,"Adriaen van Ostadelaan, 16, 3583AJ, Utrecht",Utrecht,,,overpass
Ons Hoes,NL,Real Estate,,,"Boomkamp, 20, 7461AX, Rijssen",Rijssen,,,overpass
Kempers Makelaardij,NL,Real Estate,https://www.kempers-makelaardij.nl,,"Keppelseweg, 14, 7001CG, Doetinchem",Doetinchem,,,overpass
Thoma van Dijk Siebelink Makelaars,NL,Real Estate,,,"Keppelseweg, 15, 7001CE, Doetinchem",Doetinchem,https://www.linkedin.com/company/thoma-van-dijk-siebelink-makelaars/,,overpass
SWD,NL,Real Estate,https://www.swd.nl,,"Hofstraat, 47, 7001JD, Doetinchem",Doetinchem,,,overpass
Paul Thijssen,NL,Real Estate,https://thijssenmakelaars.nl,,"Mecklenburglaan, 2, 3581NW, Utrecht",Utrecht,,,overpass
Makelaardij Utrecht,NL,Real Estate,https://www.eramakelaardijutrecht.nl,+31 30 233 2132,"Burgemeester Reigerstraat, 65, 3581KN, Utrecht",Utrecht,,,overpass
Start Housing,NL,Real Estate,,,"Burgemeester Reigerstraat, 78, 3581KW, Utrecht",Utrecht,,,overpass
Rotsvast,NL,Real Estate,,,"Burgemeester Reigerstraat, 84, 3581KW, Utrecht",Utrecht,https://www.linkedin.com/company/rotsvast/,,overpass
Makelaardij Wonen in Utrecht,NL,Real Estate,,,"Nachtegaalstraat, 11, 3581AA, Utrecht",Utrecht,,,overpass
De Keizer,NL,Real Estate,https://www.dekeizer.nl,,"Biltstraat, 113B, 3572AN, Utrecht",Utrecht,,,overpass
Pomme & Partners B.V.,NL,Real Estate,,,"Nachtegaalstraat, 15, 3581AB, Utrecht",Utrecht,,,overpass
Ludenhoff Makelaars,NL,Real Estate,https://www.ludenhoff.nl,+31 30 236 84 84,"Biltstraat, 445, 3572AW, Utrecht",Utrecht,,,overpass
Kiers Vastgoed Etalage,NL,Real Estate,,,"Het Masker, 200, 3823GX, Amersfoort",Amersfoort,,,overpass
Amerstad makelaar,NL,Real Estate,https://www.amerstad.nl,+31 33 475 9300,"Laan naar Emiclaer, 24, 3823EH, Amersfoort",Amersfoort,,,overpass
Wonen Boven Winkels Deventer,NL,Real Estate,https://www.wbwd.nl,,"Pontsteeg, 33, 7411KP, Deventer",Deventer,,,overpass
Hunink & Holtrigter,NL,Real Estate,https://www.huninkholtrigter.nl,,"Bergstraat, 28, 3811NJ, Amersfoort",Amersfoort,,,overpass
Drenth Makelaars,NL,Real Estate,https://www.drenthmakelaars.nl,,"Bergstraat, 39, 3811NG, Amersfoort",Amersfoort,,,overpass
NederWoon Verhuurmakelaars,NL,Real Estate,,,"Stationsstraat, 16, 3811MJ, Amersfoort",Amersfoort,,,overpass
MVGM,NL,Real Estate,https://www.mvgm.nl,,"Van Asch van Wijckstraat, 55, 3811LP, Amersfoort",Amersfoort,,,overpass
Namaco,NL,Real Estate,,,"Amsterdamseweg, 6K, 3812RS, Amersfoort",Amersfoort,,,overpass
Nederwoon,NL,Real Estate,https://www.nederwoon.nl/vestiging/apeldoorn,,"Steenbokstraat, 15, 7324AZ, Apeldoorn",Apeldoorn,,,overpass
Huis en Zekerheid Makelaardij,NL,Real Estate,,,"Van Randwijcklaan, 91, 3814AE, Amersfoort",Amersfoort,,,overpass
Govaert,NL,Real Estate,https://govaert.nl,+31 33 463 0444,"Nijverheidsweg-Noord, 38, 3812PM, Amersfoort",Amersfoort,,,overpass
Koningsstede,NL,Real Estate,https://www.koningsstede.nl,+31 55 576 3026,"Koningstraat, 93, 7315HV, Apeldoorn",Apeldoorn,,,overpass
Van Vliet Makelaardij O.G.,NL,Real Estate,https://www.vanvlietmakelaardij.nl,+31 55 355 0450,"Ribeslaan, 1, 7313GT, Apeldoorn",Apeldoorn,,,overpass
Tijmen Kroes,NL,Real Estate,https://www.tijmenkroes.nl,+31 55 521 2155,"Kayersdijk, 149, 7332AP, Apeldoorn",Apeldoorn,,,overpass
Mennink Makelaars,NL,Real Estate,https://www.menninkmakelaars.nl,+31 55 578 5540,"Loolaan, 14, 7315AA, Apeldoorn",Apeldoorn,,,overpass
Rodenburg Makelaars,NL,Real Estate,https://rodenburg.nl/vestigingen/rodenburg-makelaars-apeldoorn,+31 55 526 8268,"Paslaan, 20, 7311AL, Apeldoorn",Apeldoorn,,,overpass
Allround Vastgoed,NL,Real Estate,https://allroundvastgoed.com,+31 55 366 4021,"Kerklaan, 22, 7311AE, Apeldoorn",Apeldoorn,,,overpass
Mulderij,NL,Real Estate,https://www.mulderijmakelaardij.nl,+31 55 576 7725,"Koninginnelaan, 41, 7315BL, Apeldoorn",Apeldoorn,,,overpass
Hunink & Holtrigter Woning- en Bedrijfsmakelaars,NL,Real Estate,https://www.hhmakelaars.nl,+31 55 522 0226,"Loolaan, 554, 7315AG, Apeldoorn",Apeldoorn,,,overpass
uniek,NL,Real Estate,,,"Loolaan, 1, 7314AA, Apeldoorn",Apeldoorn,,,overpass
Bouwhuis Groep,NL,Real Estate,https://www.bouwhuisgroep.nl,+31 55 312 1112,"Loolaan, 83, 7314AH, Apeldoorn",Apeldoorn,,,overpass
WBA,NL,Real Estate,https://www.wba.nl,,"Asselsestraat, 137-2, 7311EJ, Apeldoorn",Apeldoorn,,,overpass
Ons Huis,NL,Real Estate,https://www.onshuisapeldoorn.nl,+31 55 526 2500,"Waterloseweg, 3, 7311JG, Apeldoorn",Apeldoorn,,,overpass
Kruithof Makelaardij,NL,Real Estate,https://www.kruithofmakelaardij.nl,,"Berkenlaan, 44A, 3828BR, Hoogland",Hoogland,,,overpass
Adero Makelaardij,NL,Real Estate,,,"Hamseweg, 54B, 3828AE, Hoogland",Hoogland,,,overpass
Buurman,NL,Real Estate,https://www.buurman.nl/home,+31 55 533 2915,"Arnhemseweg, 117, 7331BE, Apeldoorn",Apeldoorn,,,overpass
Van Laarhoven Makelaardij,NL,Real Estate,https://vlmakelaardij.nl,+31 55 303 4025,"Nieuwstraat, 105, 7311BR, Apeldoorn",Apeldoorn,,,overpass
Kiers Vastgoed,NL,Real Estate,,,"Kraailandhof, 47, 3828JP, Hoogland",Hoogland,,,overpass
Reinerie garantiemakelaars Amersfoort,NL,Real Estate,https://www.reinerieamersfoort.nl,+31 33 711 5260,"Waterdreef, 166, 3824HB, Amersfoort",Amersfoort,https://www.linkedin.com/company/reinerie-garantiemakelaars-amersfoort/,,overpass
Rijnstaete Makelaardij,NL,Real Estate,https://www.rijnstaete.nl,,"Dr. Bouwdijkstraat, 2A, 2381CA, Zoeterwoude",Zoeterwoude,,,overpass
De Huizenbeurs,NL,Real Estate,,,"Zijde, 30, 2771EN, Boskoop",Boskoop,,,overpass
Perdijk,NL,Real Estate,,,"Dorpsstraat, 14, 2751AZ, Moerkapelle",Moerkapelle,,,overpass
Gouwestad Makelaardij,NL,Real Estate,,,"Zuidplaslaan, 196, 2743CP, Waddinxveen",Waddinxveen,,,overpass
Dupree Makelaars,NL,Real Estate,,,"Kanaalstraat, 12, 2741HH, Waddinxveen",Waddinxveen,,,overpass
De Pater Makelaardij,NL,Real Estate,https://depater.nl,+31 182 613 822,"Kerkweg-Oost, 224, 2741HA, Waddinxveen",Waddinxveen,,,overpass
Grandia,NL,Real Estate,https://grandia-aankoopmakelaars.nl,,"Bemuurde Weerd Oostzijde, 21, 3514AN, Utrecht",Utrecht,,,overpass
Brix Makelaars,NL,Real Estate,https://www.brixmakelaars.nl,,"van Arembergelaan, 74, 2274BW, Voorburg",Voorburg,,,overpass
Emil NVM Makelaars,NL,Real Estate,https://www.emilmakelaars.nl,,"Parkweg, 18, 2271AJ, Voorburg",Voorburg,,,overpass
Meijs & Alink 49,NL,Real Estate,https://www.meijsenalink.nl,,"Parkweg, 49, 2271AE, Voorburg",Voorburg,,,overpass
De Bruyn en Tak,NL,Real Estate,https://www.debruynentak.nl,,"Parkweg, 53, 2271AE, Voorburg",Voorburg,,,overpass
Mares Makelaars,NL,Real Estate,https://www.maresmakelaars.nl,,"Parkweg, 64, 2271AL, Voorburg",Voorburg,https://www.linkedin.com/company/mares-makelaars/,,overpass
De Wekker Makelaardij,NL,Real Estate,https://www.dewekkervoorburg.nl,,"Parkweg, 72D, 2271AM, Voorburg",Voorburg,,,overpass
Van der Togt Makelaardij,NL,Real Estate,https://www.vdtmakelaardij.nl/van-der-togt-makelaardij-voorburg,,"Parkweg, 95, 2271AG, Voorburg",Voorburg,,,overpass
Van Paaschen,NL,Real Estate,https://www.vanpaaschen.nl,,"Laan van Nieuw-Oost-Indië, 1, 2593BH, 's-Gravenhage",'s-Gravenhage,,,overpass
Interhouse,NL,Real Estate,,,"Bezuidenhoutseweg, 108, 2594AZ, 's-Gravenhage",'s-Gravenhage,,,overpass
Van der Laan,NL,Real Estate,,,"Bezuidenhoutseweg, 110A, 2594AZ, 's-Gravenhage",'s-Gravenhage,,,overpass
Hello Housing,NL,Real Estate,,,"Carolina van Nassaustraat, 165, 2595SX, 's-Gravenhage",'s-Gravenhage,,,overpass
Langezaal,NL,Real Estate,,,"Schenkkade, 209, 2595AT, 's-Gravenhage",'s-Gravenhage,,,overpass
Agterdenbosch NVM Makelaars,NL,Real Estate,https://agterdenbosch.nl,,"Prins Bernhardlaan, 226, 2273BP, Voorburg",Voorburg,,,overpass
C&D Makelaardij,NL,Real Estate,https://www.cdmakelaardij.nl,,"Parkweg, 245, 2271BB, Voorburg",Voorburg,,,overpass
Makelaardij WVK,NL,Real Estate,https://www.wvkmakelaars.nl,,"Parkweg, 319, 2271BD, Voorburg",Voorburg,,,overpass
Van Ekeren Kuiper,NL,Real Estate,https://www.vanekerenkuiper.nl,+31 183 672 992; +31 183 672 999,"Beatrixlaan, 2a, 4213CJ, Dalem",Dalem,,,overpass
Sallandse Huizen,NL,Real Estate,https://www.sallandsehuizen.nl,,"Burg.Backxlaan, 333, 7711AD, Nieuwleusen",Nieuwleusen,,,overpass
Woonstichting VechtHorst,NL,Real Estate,,,"Raiffeisenstraat, 2, 7711JH, Nieuwleusen",Nieuwleusen,https://www.linkedin.com/company/woonstichting-vechthorst/,,overpass
Jeanette Visscher,NL,Real Estate,https://jvma.nl,,"Burg.Backxlaan, 246, 7711AL, Nieuwleusen",Nieuwleusen,,,overpass
Fleury Vastgoed,NL,Real Estate,,,"Jan van der Heijdenstraat, 1, 2522EJ, 's-Gravenhage",'s-Gravenhage,,,overpass
Jan Huisman Makelaardij,NL,Real Estate,https://www.janhuismanmakelaardij.nl,+31 33 433 3503,"Fokkerstraat, 12, 3833LD, Leusden",Leusden,,,overpass
Cornerstone Vastgoed,NL,Real Estate,,,"Van Musschenbroekstraat, 145, 2522AL, 's-Gravenhage",'s-Gravenhage,,,overpass
Mooijekind Vleut,NL,Real Estate,,,"Gedempte Oude Gracht, 124, 2011GX, Haarlem",Haarlem,,,overpass
Bloemendal makelaardij,NL,Real Estate,https://bloemendalmakelaardij.nl,,"Kruisstraat, 2, 7731CR, Ommen",Ommen,,,overpass
iQ Makelaars Vechtdal,NL,Real Estate,https://www.iqmakelaarsvechtdal.nl/nl,,"Brugstraat, 21, 7731CT, Ommen",Ommen,,,overpass
Fokke,NL,Real Estate,,,"Vrijthof, 4, 7731CN, Ommen",Ommen,,,overpass
Blijhuis makelaardij,NL,Real Estate,https://www.blijhuis.nl,,"Pieter de Hoochstraat, 32, 7731MD, Ommen",Ommen,,,overpass
Wilburg makelaars,NL,Real Estate,https://www.wilburg.nl,+31 70 399 6010,"Lorentzplein, 25, 2522EC, 's-Gravenhage",'s-Gravenhage,,,overpass
Your house,NL,Real Estate,https://your-house.nl,,"Hardebollenstraat, 15, 3512TP, Utrecht",Utrecht,,,overpass
Makelaardij Stek,NL,Real Estate,https://www.makelaardijstek.nl,+31 30 207 2667,"Pauwstraat, 30, 3512TG, Utrecht",Utrecht,,,overpass
Röttgering Makelaars,NL,Real Estate,https://www.rottgering.nl/nl/contact,+31 70 3245566,"Breitnerlaan, 285, 2596HA, 's-Gravenhage",'s-Gravenhage,,,overpass
De Ruyters Makelaardij,NL,Real Estate,https://www.deruyters.nl,,"Laan van Nieuw-Oost-Indië, 22, 2593BT, 's-Gravenhage",'s-Gravenhage,,,overpass
ARE Makelaars,NL,Real Estate,https://www.are.nl,,"De Eerensplein, 8, 2593NA, 's-Gravenhage",'s-Gravenhage,https://www.linkedin.com/company/are/,,overpass
Van Engelen Makelaars,NL,Real Estate,,,"Nieuwe Gracht, 102, 2011NL, Haarlem",Haarlem,,,overpass
JSR,NL,Real Estate,https://www.jrsmakelaars.nl,+31 23 531 9540,"Kruisweg, 70, 2011LG, Haarlem",Haarlem,,,overpass
Mooijekind-Vleut-Makelaars,NL,Real Estate,,,"Kinderhuissingel, 2A, 2013AS, Haarlem",Haarlem,,,overpass
PUUR* makelaars,NL,Real Estate,https://puurmakelaars.nl/vestigingen/haarlem,,"Zijlweg, 36, 2013DJ, Haarlem",Haarlem,,,overpass
Bos Makelaardij,NL,Real Estate,https://www.bosmakelaardijbunschoten.nl,,"Visserssteeg, 26, 3752BZ, Bunschoten-Spakenburg",Bunschoten-Spakenburg,,,overpass
Wouter Makelaardij,NL,Real Estate,https://www.woutermakelaardij.nl,+31 23 5474645,"Van Oosten de Bruijnstraat, 175, 2014VR, Haarlem",Haarlem,,,overpass
RE/MAX,NL,Real Estate,https://www.makelaars-in-haaglanden.nl,,"Damlaan, 47, 2265AM, Leidschendam",Leidschendam,,,overpass
Van Lieshout Kruize Makelaars,NL,Real Estate,https://www.vlkmakelaars.nl,,"Johann Sebastian Bachlaan, 169, 2264WD, Leidschendam",Leidschendam,,,overpass
B2 Makelaars & Taxateurs,NL,Real Estate,,,"Kleine Houtweg, 109, 2012CE, Haarlem",Haarlem,,,overpass
Fastgoed,NL,Real Estate,https://fastgoed.pro,,"Koekoeklaan, 5, 2261EX, Leidschendam",Leidschendam,,,overpass
De Huizenbemiddelaar Haaglanden,NL,Real Estate,,+31 70 390 2011,"Hendrik Ravesteijnplein, 60, 2282GW, Rijswijk",Rijswijk,,,overpass
BaytiBayti,NL,Real Estate,https://baytibayti.ma,,"Visseringlaan, 20b, 2288ER, Rijswijk",Rijswijk,,,overpass
MOZA,NL,Real Estate,https://moza.nl,+31 38 4479955,"Stationsweg, 7, 8191AG, Wapenveld",Wapenveld,,,overpass
Han,NL,Real Estate,https://hanmakelaardij.nl,,"Laan van Middenburg, 16, 2275CC, Voorburg",Voorburg,,,overpass
Kroon van Diest makelaars,NL,Real Estate,https://www.kroonvandiest.nl,,"Van Ostadestraat, 12, 2023XA, Haarlem",Haarlem,,,overpass
Huizenstede Makelaars,NL,Real Estate,https://huizenstede.nl,+31 23 526 40 60,"Schotersingel, 155, 2023AD, Haarlem",Haarlem,https://www.linkedin.com/company/huizenstede-makelaars/,,overpass
Cirkel Makelaars,NL,Real Estate,https://www.cirkelmakelaars.nl,,"Kleverparkweg, 6-ZW, 2023CE, Haarlem",Haarlem,,,overpass
VK Makelaars & Taxateurs,NL,Real Estate,https://vkmakelaars.nl,+31 23 2052296,"Santpoorterstraat, 62, 2023DD, Haarlem",Haarlem,https://www.linkedin.com/company/vkmakelaars/,,overpass
Hugtenburg & De Vries,NL,Real Estate,https://www.wateenleukhuis.nl,,"Generaal Cronjéstraat, 66, 2021JK, Haarlem",Haarlem,,,overpass
Casa Haarlem,NL,Real Estate,,+31 23 533 1724,"Schoterweg, 9, 2021HZ, Haarlem",Haarlem,,,overpass
Van Waalwijk Van Doorn,NL,Real Estate,https://www.wado.nl/makelaarhaarlem,,"Rijksstraatweg, 55, 2024DA, Haarlem",Haarlem,https://www.linkedin.com/company/wado/,,overpass
Schouwenhaghe Makelaarsgroep B.V.,NL,Real Estate,https://www.schouwenhaghe.com,,"Langstraat, 107, 2242KL, Wassenaar",Wassenaar,,,overpass
Gravestate Makelaardij,NL,Real Estate,https://www.gravestate.com,,"Van Hogendorpstraat, 133, 2242PE, Wassenaar",Wassenaar,,,overpass
Remmerswaal Makelaardij,NL,Real Estate,https://www.mremmerswaal.nl,,"Kerkstraat, 14, 2242HG, Wassenaar",Wassenaar,,,overpass
Welp Makelaardij B.V.,NL,Real Estate,https://www.welpmakelaardij.nl,,"Van Hogendorpstraat, 16D, 2242KZ, Wassenaar",Wassenaar,,,overpass
Buise van Soest Makelaars,NL,Real Estate,https://buisevansoest.nl,,"Molenplein, 1A, 2242HV, Wassenaar",Wassenaar,,,overpass
Peek & Pompe,NL,Real Estate,https://peekenpompe.nl,,"Croeselaan, 249, 3521BR, Utrecht",Utrecht,,,overpass
Puur,NL,Real Estate,https://puurmakelaars.nl/vestigingen/haarlem-noord,,"Jan Gijzenkade, 181, 2025MA, Haarlem",Haarlem,,,overpass
Van Baal Makelaardij,NL,Real Estate,,,"Westerdorpsstraat, 33, 3871AT, Hoevelaken",Hoevelaken,,,overpass
Rijnland Makelaars,NL,Real Estate,,,"Schoolstraat, 102, 2251BK, Voorschoten",Voorschoten,,,overpass
Spitman Makelaar Arnhem,NL,Real Estate,https://spitmanmakelaars.nl,+31 26 445 2500,"Sonsbeekweg, 12, 6814BA, Arnhem",Arnhem,,,overpass
88 Makelaars,NL,Real Estate,https://88makelaars.nl,,"Gedempte Burgwal, 40, 2512BV, 's-Gravenhage",'s-Gravenhage,,,overpass
PUUR Makelaars,NL,Real Estate,https://puurmakelaars.nl/vestigingen/bloemendaal,,"Bloemendaalseweg, 123b, 2061CH, Bloemendaal",Bloemendaal,,,overpass
Borgdorff,NL,Real Estate,,,"Grote Halstraat, 12, 2513AX, 's-Gravenhage",'s-Gravenhage,,,overpass
Korporaal & Bertels,NL,Real Estate,,,"Mauritskade, 61, 2514HG, 's-Gravenhage",'s-Gravenhage,,,overpass
Koch Real Estate,NL,Real Estate,,,"Mauritskade, 73, 2514HH, 's-Gravenhage",'s-Gravenhage,,,overpass
Easy Room,NL,Real Estate,,,"Nieuwezijds Voorburgwal, 153, 1012RK, Amsterdam",Amsterdam,,,overpass
Albayrak,NL,Real Estate,,,"Prinsegracht, 93, 2512EZ, 's-Gravenhage",'s-Gravenhage,,,overpass
Willemsen,NL,Real Estate,,,"Jansplaats, 29, 6811GB, Arnhem",Arnhem,,,overpass
Haagsche Wooncentrale,NL,Real Estate,,,"Spui, 252, 2511BZ, 's-Gravenhage",'s-Gravenhage,,,overpass
Huren in Den Haag,NL,Real Estate,,,"Weteringkade, 3A, 2515AK, 's-Gravenhage",'s-Gravenhage,,,overpass
Makelaarshuys Kuyk van Oldeniel,NL,Real Estate,,,"Velperweg, 166, 6824MD, Arnhem",Arnhem,,,overpass
Yuvam Makelaardij,NL,Real Estate,,,"Kaapstraat, 24, 2572HJ, 's-Gravenhage",'s-Gravenhage,,,overpass
Zeker Makelaars,NL,Real Estate,,,"Herman Costerstraat, 363, 2571PM, 's-Gravenhage",'s-Gravenhage,,,overpass
Woon in Nederland,NL,Real Estate,,,"Herman Costerstraat, 399, 2571PP, 's-Gravenhage",'s-Gravenhage,,,overpass
AC Real Estate,NL,Real Estate,,,"Schalk Burgerstraat, 400, 2572TK, 's-Gravenhage",'s-Gravenhage,,,overpass
Joma,NL,Real Estate,,,"Lau Mazirellaan, 474, 2525WV, 's-Gravenhage",'s-Gravenhage,,,overpass
Lek en Waard Wonen,NL,Real Estate,https://www.lwwonen.info,+31 184 688 181,"Dorpslaan, 50, 2957XG, Nieuw-Lekkerland",Nieuw-Lekkerland,,,overpass
KB Makelaardij,NL,Real Estate,,,"Kempstraat, 211, 2572GD, 's-Gravenhage",'s-Gravenhage,,,overpass
Meesterschap Lachman,NL,Real Estate,,,"Zuiderparklaan, 108, 2574HP, 's-Gravenhage",'s-Gravenhage,,,overpass
Willemszhoff Vastgoed,NL,Real Estate,,,"Apeldoornselaan, 126, 2573LR, 's-Gravenhage",'s-Gravenhage,,,overpass
Floriande Makelaars,NL,Real Estate,,,"Genderenplein, 8, 2134DP, Hoofddorp",Hoofddorp,,,overpass
PCW Housing,NL,Real Estate,https://www.pcwhousing.nl,+31 20 7822030,"Keizersgracht, 520-H, 1017EK, Amsterdam",Amsterdam,https://www.linkedin.com/company/pcw-housing/,,overpass
B&F Makelaar 2.0,NL,Real Estate,,,"Tasmanstraat, 126, 2518VR, 's-Gravenhage",'s-Gravenhage,,,overpass
Real Estate Partners,NL,Real Estate,,,"Laan van Meerdervoort, 12B, 2517AJ, 's-Gravenhage",'s-Gravenhage,,,overpass
Rent Valley,NL,Real Estate,,,"Vondelstraat, 184, 2513GA, 's-Gravenhage",'s-Gravenhage,,,overpass
Avenir Vastgoed,NL,Real Estate,,,"Laan van Meerdervoort, 24, 2517AK, 's-Gravenhage",'s-Gravenhage,,,overpass
Remax City Makelaardij,NL,Real Estate,,,"Zoutmanstraat, 28A, 2518GR, 's-Gravenhage",'s-Gravenhage,,,overpass
E Janson Makelaardij,NL,Real Estate,,,"Prins Hendrikplein, 3B, 2518JA, 's-Gravenhage",'s-Gravenhage,,,overpass
Tettero & Wetters,NL,Real Estate,,,"Zeestraat, 40, 2518AB, 's-Gravenhage",'s-Gravenhage,,,overpass
Anna's Makelaardij,NL,Real Estate,,,"Anna Paulownastraat, 44A, 2518BE, 's-Gravenhage",'s-Gravenhage,,,overpass
Vesting Vastgoed,NL,Real Estate,,,"Veenkade, 49, 2513EH, 's-Gravenhage",'s-Gravenhage,,,overpass
The Hague Real Estate Agents,NL,Real Estate,,,"Anna Paulownastraat, 73, 2518BC, 's-Gravenhage",'s-Gravenhage,,,overpass
JJB Vastgoed,NL,Real Estate,,,"Anna Paulownastraat, 83, 2518BC, 's-Gravenhage",'s-Gravenhage,,,overpass
HFH,NL,Real Estate,,,"Javastraat, 11, 2585AB, 's-Gravenhage",'s-Gravenhage,,,overpass
NassauHuis,NL,Real Estate,,,"Nassaulaan, 19, 2514JT, 's-Gravenhage",'s-Gravenhage,,,overpass
Mevrouw de Aankoopmakelaar,NL,Real Estate,,,"Javastraat, 271A, 2585AL, 's-Gravenhage",'s-Gravenhage,,,overpass
RM Wonen,NL,Real Estate,,,"Javastraat, 293, 2585AL, 's-Gravenhage",'s-Gravenhage,,,overpass
Oosterhof Makelaars,NL,Real Estate,,,"Koninginnegracht, 34, 2514AC, 's-Gravenhage",'s-Gravenhage,,,overpass
De Vries Robbé,NL,Real Estate,,,"Javastraat, 47, 2585AE, 's-Gravenhage",'s-Gravenhage,,,overpass
Steinmetz De Kort,NL,Real Estate,,,"Javastraat, 55, 2585AE, 's-Gravenhage",'s-Gravenhage,,,overpass
HVM Vastgoed,NL,Real Estate,https://www.hvmvastgoed.nl,,"Frederikstraat, 82, 2514LM, 's-Gravenhage",'s-Gravenhage,,,overpass
NL Wonen,NL,Real Estate,,,"Pettelaarseweg, 198, 5216BW, 's-Hertogenbosch",'s-Hertogenbosch,,,overpass
Roscam Makelaar,NL,Real Estate,,,"Hinthamereinde, 88, 5211PR, 's-Hertogenbosch",'s-Hertogenbosch,,,overpass
Haaglandia Vastgoed Beheer,NL,Real Estate,,,"Weimarstraat, 348, 2562HV, 's-Gravenhage",'s-Gravenhage,,,overpass
Veluwe Chalet Makelaars,NL,Real Estate,https://www.veluwechalets.nl,,"Koningsweg, 8, 3886KD, Garderen",Garderen,,,overpass
Basis Bedrijfshuisvesting,NL,Real Estate,https://basis.nl,,"Vrijheidslaan, 35, 2321JR, Leiden",Leiden,,,overpass
Olsthoorn Makelaars,NL,Real Estate,https://www.olsthoornmakelaars.nl,,"Appelstraat, 201, 2564EE, 's-Gravenhage",'s-Gravenhage,,,overpass
Lex Van Leeuwen Makelaars,NL,Real Estate,,,"Vlierboomstraat, 670, 2564JR, 's-Gravenhage",'s-Gravenhage,,,overpass
Heikens-de Kort makelaardij,NL,Real Estate,https://www.hdkmakelaardij.nl,+31 161 233 647,"Pastoor Doensstraat, 1B, 4854CP, Bavel",Bavel,,,overpass
Van de Wiel Makelaardij,NL,Real Estate,https://www.vandewielmakelaardij.nl,+31 76 541 2976,"Groenstraat, 13, 4841BA, Prinsenbeek",Prinsenbeek,,,overpass
Hoksbergen,NL,Real Estate,https://hoksbergen.nl,,"Oudestraat, 172, 8261CW, Kampen",Kampen,,,overpass
Deltawonen,NL,Real Estate,https://www.deltawonen.nl,,"Oudestraat, 216D, 8261CA, Kampen",Kampen,,,overpass
Jip,NL,Real Estate,https://jipmakelaars.nl/vestigingen/jip-in-Kampen,,"Oudestraat, 219, 8261CM, Kampen",Kampen,,,overpass
Mevrouw Vastgoed,NL,Real Estate,https://www.mevrouwvastgoed.nl,,"Oudestraat, 222, 8261CA, Kampen",Kampen,,,overpass
VSO Makelaars,NL,Real Estate,https://www.vsomakelaars.nl/42-4254/makelaar-kampen,,"IJsselkade, 47, 8261AE, Kampen",Kampen,,,overpass
Haag Wonen,NL,Real Estate,,,"Oude Haagweg, 465, 2552GD, 's-Gravenhage",'s-Gravenhage,,,overpass
Woonconcept,NL,Real Estate,,,"Blankenstein, 560, 7943PA, Meppel",Meppel,,,overpass
Van Ditshuizen,NL,Real Estate,https://www.vanditshuizen.nl,,"Prinsengracht, 22, 7941KD, Meppel",Meppel,,,overpass
Hup & Fidom,NL,Real Estate,https://hupenfidommakelaarsmeppel.nl,,"Kruisstraat, 30, 7941AN, Meppel",Meppel,,,overpass
Boelens Jorritsma Meppel,NL,Real Estate,,,"de Putstoel, 4, 7941BX, Meppel",Meppel,,,overpass
Roozeboom,NL,Real Estate,https://roozeboommakelaardij.nl,,"Prinsenplein, 5, 7941KV, Meppel",Meppel,,,overpass
Keijser & Drieman,NL,Real Estate,https://www.kdmakelaars.nl/hoofddorp,,"Concourslaan, 1, 2132DH, Hoofddorp",Hoofddorp,,,overpass
ERA Hoofddorp,NL,Real Estate,https://erahoofddorp.nl,,"Marktplein, 29, 2132DA, Hoofddorp",Hoofddorp,,,overpass
Bouka Makelaars,NL,Real Estate,,,"Beresteinlaan, 243, 2542JG, 's-Gravenhage",'s-Gravenhage,https://www.linkedin.com/company/bouka-makelaars/,,overpass
DTZ Zadelhoff,NL,Real Estate,https://www.dtz.nl,,"Scorpius, 114, 2132LR, Hoofddorp",Hoofddorp,,,overpass
Schenk Makelaars,NL,Real Estate,,,"Wegalaan, 14, 2132JC, Hoofddorp",Hoofddorp,,,overpass
Makelaarshuijs Eikelenboom,NL,Real Estate,,,"Kruisweg, 1023, 2131CR, Hoofddorp",Hoofddorp,https://www.linkedin.com/company/makelaarshuijs-eikelenboom/,,overpass
Hoekstra en van Eck,NL,Real Estate,,,"Kruisweg, 941, 2132CD, Hoofddorp",Hoofddorp,,,overpass
Koophuis makelaars Nieuw-Vennep,NL,Real Estate,https://www.koophuis.nl/vestigingen/9/Koophuis-makelaars-Nieuw-Vennep,+31 252 681 825,"Schoolstraat, 12, 2151AA, Nieuw-Vennep",Nieuw-Vennep,,,overpass
Heemborgh Makelaars Nieuw-Vennep,NL,Real Estate,https://www.heemborgh.nl,+31 252 629 090,"Hoofdweg, 1334A, 2153LT, Nieuw-Vennep",Nieuw-Vennep,,,overpass
